{
    "accuracy": [
        0.8267326951026917,
        0.9306930899620056,
        0.9455445408821106,
        0.9653465151786804,
        0.9653465151786804,
        0.9900990128517151,
        1.0,
        0.9900990128517151
    ],
    "loss": [
        0.5208317041397095,
        0.16689150035381317,
        0.13708901405334473,
        0.0977657362818718,
        0.09374985843896866,
        0.05397457629442215,
        0.01740853488445282,
        0.0507984459400177
    ],
    "val_accuracy": [
        0.9554455280303955,
        0.9603960514068604,
        0.9900990128517151,
        0.9653465151786804,
        0.9851484894752502,
        0.9950494766235352,
        0.9752475023269653,
        0.9950494766235352
    ],
    "val_loss": [
        0.14126119017601013,
        0.1421746164560318,
        0.06830797344446182,
        0.09103680402040482,
        0.022390911355614662,
        0.0195551086217165,
        0.07582937180995941,
        0.00937130581587553
    ]
}