{
    "accuracy": [
        0.7277227640151978,
        0.9504950642585754,
        0.9504950642585754,
        0.9653465151786804,
        0.9554455280303955,
        0.9950494766235352,
        0.9752475023269653,
        0.9801980257034302
    ],
    "loss": [
        0.9365312457084656,
        0.13335536420345306,
        0.13305018842220306,
        0.06923558562994003,
        0.0683668926358223,
        0.024911992251873016,
        0.05754917114973068,
        0.039818890392780304
    ],
    "val_accuracy": [
        0.9653465151786804,
        0.9702970385551453,
        0.9851484894752502,
        0.9900990128517151,
        0.9851484894752502,
        0.9950494766235352,
        0.9900990128517151,
        0.9900990128517151
    ],
    "val_loss": [
        0.09677368402481079,
        0.07329324632883072,
        0.04774879664182663,
        0.028465256094932556,
        0.043085403740406036,
        0.018420971930027008,
        0.04266352206468582,
        0.029955998063087463
    ]
}