{
    "accuracy": [
        0.9950494766235352,
        0.9950494766235352,
        1.0,
        1.0,
        0.9900990128517151,
        0.9950494766235352,
        0.9950494766235352,
        1.0
    ],
    "loss": [
        0.011425992473959923,
        0.009732089936733246,
        0.0022124573588371277,
        0.00459886621683836,
        0.014676698483526707,
        0.014066836796700954,
        0.019025756046175957,
        0.004257904831320047
    ],
    "val_accuracy": [
        1.0,
        0.9950494766235352,
        1.0,
        1.0,
        1.0,
        0.9950494766235352,
        1.0,
        1.0
    ],
    "val_loss": [
        0.002781699411571026,
        0.005275033880025148,
        0.0011453762417659163,
        0.0006952749681659043,
        0.002381128491833806,
        0.010873100720345974,
        0.0011169839417561889,
        0.001784639316610992
    ]
}