{
    "accuracy": [
        0.7871286869049072,
        0.9207921028137207,
        0.9504950642585754,
        0.9603960514068604,
        0.9504950642585754,
        0.9801980257034302,
        0.9801980257034302,
        0.9702970385551453
    ],
    "loss": [
        0.5823221206665039,
        0.2681027352809906,
        0.14309827983379364,
        0.14745968580245972,
        0.10590925067663193,
        0.06124760955572128,
        0.05948381498456001,
        0.06283332407474518
    ],
    "val_accuracy": [
        0.9455445408821106,
        0.9653465151786804,
        0.9752475023269653,
        0.9900990128517151,
        0.9950494766235352,
        0.9603960514068604,
        0.9950494766235352,
        1.0
    ],
    "val_loss": [
        0.26429909467697144,
        0.08462999016046524,
        0.07343339174985886,
        0.03997006639838219,
        0.03240814805030823,
        0.09868721663951874,
        0.01847953163087368,
        0.005655290558934212
    ]
}