{
    "accuracy": [
        0.6881188154220581,
        0.8861386179924011,
        0.9455445408821106,
        0.9603960514068604,
        0.9603960514068604,
        0.9603960514068604,
        0.9900990128517151,
        0.9752475023269653
    ],
    "loss": [
        1.2240211963653564,
        0.26818224787712097,
        0.13814470171928406,
        0.08369457721710205,
        0.10154558718204498,
        0.09579421579837799,
        0.03377712517976761,
        0.06492814421653748
    ],
    "val_accuracy": [
        0.9554455280303955,
        0.9405940771102905,
        0.9603960514068604,
        0.9801980257034302,
        0.9752475023269653,
        0.9801980257034302,
        0.9851484894752502,
        0.9752475023269653
    ],
    "val_loss": [
        0.1217624768614769,
        0.1097651943564415,
        0.11996639519929886,
        0.05783418193459511,
        0.07680997997522354,
        0.049397606402635574,
        0.027119671925902367,
        0.05717777460813522
    ]
}